id,Название,Цена,Цена без скидки
602,"Конфеты FERRERO ROCHER из молочного шоколада с кремовой начинкой, 200г",54999,59999
1175,"Конфеты TOFFIFEE с лесным орехом, 125г",15999,24999
2920,"Конфеты RAFFAELLO с цельным миндальным орехом в кокосовой обсыпке, 150г",29999,39999
7545,"Шоколад KINDER Chocolate с молочной начинкой, 8х12,5г",13999,13999
12825,"Печенье ПОСИДЕЛКИНО Любимое Овсяное с добавлением шоколадных кусочков, 310г",12999,12999
13622,"Круассан 7DAYS с кремом какао, 65г",3999,6499
14329,"Конфеты Ф.КРУПСКОЙ Сказки Перро, 200г",12999,18999
14330,"Конфеты Ф.КРУПСКОЙ Мишка на севере, 200г",18999,25999
14646,"Драже TIC TAC Мята, 16г",5999,6999
42512,"Шоколад горький LINDT Excellence 70% какао, 100г",29999,39999
42514,"Шоколад темный LINDT Excellence с апельсином и миндалем, 100г",29999,39999
46180,"Торт вафельный ПЕКАРЬ Балтийский глазированный, 320г",17999,19999
46913,"Батончик шоколадный BOUNTY Молочный, 55г",4999,5499
46916,"Батончик шоколадный MILKY WAY, 26г",2499,2999
46917,"Батончик шоколадный TWIX, 55г",4999,5499
47602,"Конфеты Ф.КРУПСКОЙ Ленинградские, 200г",11999,14499
49568,"Шоколад темный ВДОХНОВЕНИЕ Классический, 100г",12999,19999
50748,"Батончик шоколадный MARS с нугой и карамелью, 50г",5999,6999
51961,"Шоколад молочный RITTER SPORT Ром, изюм, орех, 100г",14999,18999
52650,"Батончик шоколадный NUTS Мегабайт duo, 66г",6499,7999
55437,"Зефир ШАРМЭЛЬ с ароматом ванили, 255г",13999,19999
55444,"Пастила ШАРМЭЛЬ с ароматом ванили, 221г",12999,15999
55445,"Пастила ШАРМЭЛЬ Клюквенная, 221г",12999,15999
58043,"Яйцо шоколадное KINDER Surprise из молочного шоколада с игрушкой, 20г",9999,11999
58146,"Конфеты КОМИЛЬФО Фисташка с двухслойной начинкой, 116г",29999,49999
58381,"Шоколад KINDER Chocolate с молочной начинкой, 4х12,5г",7499,7499
58437,"Драже TIC TAC Апельсин, 16г",6999,6999
58889,"Шоколад молочный RITTER SPORT Йогурт, 100г",11499,18999
61506,"Конфеты КРАСНЫЙ ОКТЯБРЬ Ирис Кис-кис, 250г",10999,15999
63959,"Шоколад молочный RITTER SPORT Альпийское молоко, 100г",14999,18999
67716,"Карамель РОТ ФРОНТ Барбарис, 250г",8499,9999
67728,"Конфеты КРАСНЫЙ ОКТЯБРЬ Цитрон, 250г",12499,16999
69380,"Рулет ЧЕРЕМУШКИ Сдобная Особа с маковой начинкой, 400г",22999,22999
72202,"Вафли KINDER Bueno в молочном шоколаде, 43г",8499,10999
72204,"Пирожное бисквитное KINDER Delice с молочной начинкой, 39г",7499,8999
72637,"Шоколад горький LINDT Excellence 85% какао,100г",29999,39999
73103,"Батончик TWIX Xtra с карамелью и печеньем, 82г",6499,8499
73105,"Батончик BOUNTY Трио, 82,5г",6499,8499
75984,"Пряник ТУЛЬСКИЙ с начинкой вареная сгущенка, 140г",4999,8999
76045,"Мармелад жевательный БОН ПАРИ Кислые червячки, 75г",9999,9999
77447,"Вафли ЯШКИНО Шоколадные, 300г",8999,12999
81366,"Конфеты КРАСНЫЙ ОКТЯБРЬ Ласточка, 250г",12499,19999
82409,"Набор конфет БАБАЕВСКИЙ Ассорти, 300г",29999,59999
82483,"Конфеты РОТ ФРОНТ Батончики неглазированные, 250г",13499,22999
82587,"Конфеты РОТ ФРОНТ Батончики, весовые",12498,12498
98932,"Печенье LOTTE Choco Pie бисквитное в шоколадной глазури, 6х28г",7999,10999
98934,"Печенье LOTTE Choco Pie бисквитное в шоколадной глазури, 12х28г",14499,19499
99573,"Вафли ЯШКИНО глазированные, 200г",6499,8999
99614,"Вафли ЯШКИНО Сливочные, 200г",6999,8499
99825,"Вафельные рулетики ЯШКИНО со вкусом сгущенного молока, 160г",5999,7499
100409,"Карамель РОТ ФРОНТ Москвичка, 250г",10999,16999
103693,"Зефир ШАРМЭЛЬ Классический в шоколаде, 250г",24999,29999
113412,"Паста ореховая NUTELLA с добавлением какао, 350г",41999,59999
113556,"Батончик шоколадный SNICKERS Лесной орех, 81г",6499,8499
116496,"Шоколад темный LINDT Excellence Мята, 100г",29999,39999
118245,"Вафли ЯШКИНО Голландские с карамелью, 290г",9999,12499
119248,"Пирожное бисквитное МЕДВЕЖОНОК БАРНИ с шоколадной начинкой, 5х30г",9499,13999
121467,"Драже SKITTLES Фрукты в сахарной глазури со вкусом апельсина, черной смородины, клубники, лайма, лимона, 38г",3999,4999
131035,"Халва подсолнечная ТИМОША, 250г",3999,3999
131036,"Халва ТИМОША Подсолнечная с арахисом, 250г",10999,10999
134711,"Шоколад молочный RITTER SPORT с лесным орехом и калифорнийским изюмом, 100г",14999,18999
136426,"Яйцо шоколадное KINDER Сюрприз из молочного шоколада с игрушкой, 20г",9999,11499
136981,"Шоколад молочный RITTER SPORT Клубника с йогуртом, 100г",14999,18999
149018,"Батончик шоколадный MILKY WAY 1+1 с суфле, 52г",4999,5999
152299,"Яйцо шоколадное KINDER Сюрприз из молочного шоколада с игрушкой, в 
ассортименте, 20г",9999,11499
152664,"Паста шоколадно-ореховая 365 ДНЕЙ, 350г",11499,11499
154719,"Изделие кондитерское KINDER Joy с хрустящими шариками и игрушкой, 20г",12999,14999
157977,"Зефир ШАРМЭЛЬ Яблочный, 255г",13999,19999
160696,"Печенье 365 ДНЕЙ К кофе, 250г",3999,3999
164870,"Торт бисквитный ФИЛИ-БЕЙКЕР Панчо, 1кг",87999,87999
166967,"Печенье ПОСИДЕЛКИНО Любимое Овсяное классическое, 320г",7999,10999
166988,"Печенье ПОСИДЕЛКИНО Овсяное с изюмом, 310г",7999,10999
167711,"Конфеты MERCI Finest selection Ассорти, 400г",69999,119900
173357,"Шоколад KINDER Chocolate Maxi с молочной начинкой, 21г",3799,3799
175180,"Пряник ТУЛЬСКИЙ с фруктовой начинкой, 140г",4999,8999
176710,"Шоколад темный RITTER SPORT с благородным марципаном, 100г",14999,18999
179745,"Конфеты РОТ ФРОНТ Птичье молоко сливочно-ванильные, 200г",20499,23999
180067,"Жевательная резинка FIVE Сочный арбуз без сахара, 31,2г",6499,7999
180068,"Жевательная резинка FIVE Свежая мята без сахара, 31,2г",6499,7999
184195,"Пряник 365 ДНЕЙ Тульский с вареной сгущенкой, 140г",3499,3499
185995,"Пирожные ФИЛИ-БЕЙКЕР Кольца заварные 5шт, 300г",25999,25999
187512,"Мармеладные дольки 365 ДНЕЙ Ассорти с цитрусовым вкусом, 300г",7999,7999
188747,"Жевательная резинка DIROL White Клубничная поляна, 13,6г",2499,3999
188771,"Жевательная резинка DIROL Арбузная Свежесть, 13,6г",2499,3999
188773,"Жевательная резинка DIROL Ледяная мята, 13,6г",2699,2699
188794,"Жевательная резинка ECLIPSE Ледяная вишня с ароматом вишни и ментола, 13,6г",3999,5999
188796,"Жевательная резинка ECLIPSE Ледяная Свежесть с ароматом ментола и мяты, 13,6г",3999,5999
189021,"Драже SKITTLES Кисломикс в сахарной глазури со вкусом малины, ананаса, мандарина, вишни, яблока, 38г",3999,4999
189026,"Конфеты освежающие RONDO Мята с ароматом мяты, 30г",3999,3999
189042,"Жевательная резинка DIROL Мята, 13,6г",2999,3999
189127,"Жевательная резинка ORBIT Сочный арбуз, 13,6г",4499,4499
189169,"Жевательная резинка ORBIT Белоснежный Классический с ароматом мяты, 13,6г",4499,4499
189172,"Жевательная резинка ORBIT Белоснежный Освежающая мята с ароматом перечной мяты драже, 13,6г",4499,4499
189174,"Жевательная резинка ORBIT Сладкая мята, 13,6г",4499,4499
190022,"Батончик шоколадный MILKY WAY Клубничный коктейль с клубничным суфле, 26г",2499,2999
190026,"Шоколад KINDER Chocolate Country с молочно-злаковой начинкой, 23,5г",6299,6299
200030,"Леденцы ЛЕНТА Мини ассорти, 250г",6499,7999
201737,"Ирис MELLER с шоколадом, 38г",4499,5999
206254,"Галеты ЛЮБЯТОВО Классические, 185г",5499,8499
221000,"Конфеты СЛАВЯНКА Левушка с карамельной начинкой, весовые",9998,9998
221002,"Конфеты СЛАВЯНКА Степ золотой, весовые",12498,12498
247679,"Конфеты жевательные MAMBA, 26,5г",2999,3499
247916,"Жевательная резинка MENTOS со вкусом Тутти Фрутти, без сахара, 54г",19999,19999
257227,"Драже M&M'S Шоколад, 45г",4999,5999
257248,"Драже M&M'S С арахисом, 45г",4499,5999
257252,"Пряники ЯШКИНО Классические, 350г",8999,10999
257253,"Пряники ЯШКИНО Шоколадные, 350г",8999,10999
257254,"Крекер ЯШКИНО Французский с кунжутом, 185г",3999,6499
257256,"Мини-круассаны ЯШКИНО с шоколадным кремом, 180г",8999,10999
257469,"Шоколад молочный RITTER SPORT Кокос, 100г",14999,18999
259107,"Пирожные ФИЛИ-БЕЙКЕР Эклеры заварные, 250г",24999,24999
259844,"Жевательная резинка ECLIPSE Ледяная ягода без сахара, 13,6г",3999,5999
259989,"Жевательная резинка ORBIT Ягодный микс, 13,6г",4499,4499
259994,"Жевательная резинка ORBIT Клубника-банан, 13,6г",4499,4499
260726,"Шоколад темный БАБАЕВСКИЙ с шоколадной начинкой, 50г",5499,5999
263941,"Батончик шоколадный ЯШКИНО Спринт, 50г",2499,2999
265070,"Конфеты 365 ДНЕЙ Сливочный каприз молочные, весовые",5997,5997
266605,"Батончик шоколадный MARS Max с нугой и карамелью, 81г",6499,8499
268466,"Батончик шоколадный SNICKERS с карамелью, арахисом и нугой, 50,5г",4999,5499
270181,"Пирог ЧЕРЕМУШКИ Сдобная Особа Трюфельный пай, 400г",22999,22999
270572,"Шоколад КРАСНЫЙ ОКТЯБРЬ Аленка, 15г",2499,2999
273183,"Конфеты KDV Крокант, весовые",9998,9998
273186,"Конфеты KDV Чио Рио, весовые",9998,9998
274818,"Набор конфет DOVE Promises Ассорти, 118г",26999,36999
283549,"Батончик ZENTIS Марципановая буханка, 100г",16999,19999
284996,"Конфеты FERRERO ROCHER из молочного шоколада с кремовой начинкой, 125г",35999,35999
286098,"Торт ФИЛИ-БЕЙКЕР Новый Киевский, 500г",87999,87999
288327,"Жевательная резинка ORBIT Winterfresh, 13,6г",4499,4499
288328,"Жевательная резинка ORBIT Белоснежный Нежная Мята, 13,6г",4499,4499
289722,"Печенье ORION Choco Boy бисквит с шоколадом, 45г",4999,4999
289723,"Печенье ORION Chocoboy Safary, 42г",5499,5499
295338,"Конфеты SNICKERS Minis с арахисом, карамелью и нугой, весовые",19998,19998
298146,"Печенье OREO Original, 95г",6999,9999
298158,"Рулет бисквитный ЯШКИНО Вишневый, 200г",8499,9499
301077,"Жевательная резинка ORBIT Сладкая мята XXL, 20,4г",4499,5999
301078,"Жевательная резинка ORBIT Клубника банан XXL, 20,4г",4499,5999
303389,"Торт MIREL Пломбирный, 750г",53999,53999
303752,"Торт MIREL Тирамису, 750г",56999,56999
304169,"Жевательная резинка WRIGLEY'S Spearmint, 13г",2499,3499
304171,"Жевательная резинка ORBIT Белоснежный Bubblemint, 13,6г",4499,4499
305157,"Пряники ЯШКИНО Мятные, 350г",7999,10999
306266,"Конфеты РОТ ФРОНТ Птичье молоко сливочно-ванильные, 225г",15999,24999
309331,"Мармелад жевательный FRUIT-TELLA Звери микс, 70г",5499,7499
310193,"Карамель CHUPA CHUPS со вкусом мороженого, 12г",999,1499
310796,"Вафли ЯШКИНО Глазированные с орешками, 200г",5999,8999
322630,"Драже жевательное MENTOS ассорти фруктовых вкусов, 37г",4499,5999
324045,"Карамель CHUPA CHUPS XXL Трио, 29г",3499,3499
324431,"Драже жевательное MENTOS со вкусом мяты, 37,5г",4499,5999
324755,"Конфеты КРАСНЫЙ ОКТЯБРЬ Красная шапочка, 250г",20999,37499
325930,"Конфеты TWIX Minis с печеньем и карамелью, покрытые молочным шоколадом, весовые",19998,19998
326021,"Батончик АККОНД Прохлада с кокосом, 40г",2499,2999
326092,"Конфеты KONTI Золотая лилия, весовые",9998,9998
335775,"Конфеты 365 ДНЕЙ Молочные со сливочным вкусом, 250г",6999,6999
337726,"Шоколадный батончик PICNIC BIG, 76г",6999,7999
338397,"Халва 365 ДНЕЙ Подсолнечная, 250г",3499,3499
339216,"Жевательная резинка DIROL Клубника и черешня, без сахара, 13,6г",2999,3999
340178,"Шоколад темный RITTER SPORT Мята, 100г",14999,18999
342310,"Торт ФИЛИ-БЕЙКЕР Медовик домашний, 800г",55499,70999
346895,"Набор пирожных ВЕНСКИЙ ЦЕХ Корзиночка ягодная, 260г",33999,33999
348310,"Батончик СЛАВЯНКА Обыкновенное чудо классическое, 40г",2499,3499
348314,"Батончик СЛАВЯНКА Обыкновенное чудо сливочное, 55г",3499,4999
349126,"Печенье ЮБИЛЕЙНОЕ молочное с глазурью, 116г",4999,6499
349128,"Печенье ЮБИЛЕЙНОЕ витаминизированное молочное, 112г",4999,6499
349972,"Шоколад молочный MILKA с карамельной начинкой, 90г",8499,13999
354013,"Козинак ТИМОША батончик подсолнечный, 40г",1499,1499
354553,"Жевательная резинка DIROL Арбузно-дынный коктейль, 13,6г",2499,3999
354555,"Жевательная резинка DIROL Мята и мелисса, 13,6г",2999,3999
355227,"Жевательная резинка DIROL Морозная мята, 13,6г",2499,3999
355720,"Пирожное LOTTE Choco Pie cacao бисквитное в шоколадной глазури, 12х28г",16499,25999
356395,"Конфеты КОМИЛЬФО Миндаль и крем-карамель, 116г",27499,49999
358619,"Профитроли MIREL с пломбирным кремом, 180г",17999,17999
360397,"Карамель леденцовая ЯШКИНО с фруктово-ягодной начинкой, вес",4998,4998
360701,"Печенье ЮБИЛЕЙНОЕ ореховое с глазурью, 116г",4999,6499
362070,"Вафли 365 ДНЕЙ со сливочным ароматом, 200г",3299,3299
363546,"Конфеты RAFFAELLO с цельным миндальным орехом в кокосовой обсыпке, 90г",17999,21999
364426,"Конфеты жевательные MAMBA Тропикс, 26,5г",2999,3499
367651,"Зефир 365 ДНЕЙ с ароматом ванили, 270г",9999,9999
370234,"Рулет 365 ДНЕЙ с маком, 200г",5599,5599
371230,"Шоколад белый RITTER SPORT Цельный лесной орех и хлопья, 100г",16999,24999
371232,"Шоколад молочный RITTER SPORT Цельный лесной орех, 100г",16999,24999
371233,"Шоколад темный RITTER SPORT Цельный лесной орех, 100г",16999,24999
371234,"Шоколад молочный RITTER SPORT Цельный миндаль, 100г",16999,24999
371290,"Печенье 365 ДНЕЙ Овсяное классическое, 300г",3799,3799
371291,"Печенье 365 ДНЕЙ Мария затяжное, 300г",5999,5999
372606,"Мармелад жевательный FRUIT-TELLA Медвежата, 150г",10999,12999
372618,"Мармелад жевательный FRUIT-TELLA Звери mix, 150г",10999,12999
376605,"Шоколад молочный RITTER SPORT Лесной орех, 100г",14999,18999
376651,"Жевательная резинка WRIGLEY'S Juicy fruit, 13г",2499,3499
376760,"Конфеты шоколадные BOUNTY с нежной мякотью кокоса, весовые",19998,19998
378491,"Карамель WERTHER'S ORIGINAL сливочная, 50г",6499,7999
379292,"Жевательная резинка DIROL X-Fresh Ледяной мандарин, 16г",4999,6999
379293,"Жевательная резинка DIROL X-fresh Арбузный лед, 16г",4999,6999
379322,"Карамель леденцовая HALLS Colors ассорти, 25г",3499,4999
379323,"Карамель леденцовая HALLS Мед и лимон, 25г",3499,4999
379344,"Конфеты KONTI Живинка арбуз, весовые",7498,7498
379390,"Батончик мюсли EVERYDAY Gigant Орехи и мед, 50г",3499,4999
381741,"Козинак ТИМОША Подсолнечный, 150г",3999,3999
382369,"Штрудель ШТРУДЕЛЬ И КО Австрийский с вишней, 280г",22999,22999
386373,"Торт вафельный ШОКОЛАДНИЦА Классический в глазури, 240г",12999,19999
386376,"Жевательная резинка ORBIT White XXL Bubblemint без сахара, 20,4г",4499,5999
388069,"Трубочка слоеная ДОБРЫНИНСКИЙ с белковым кремом, 250г",27999,27999
392691,"Пряники ЯШКИНО с вишневой начинкой, 350г",7999,11499
392910,"Карамель леденцовая HALLS Ментол экстра, 24,5г",3499,4999
393306,"Зефир КП ПОЛЕТ в темной глазури, 500г",27499,29999
426928,"Конфеты БАБАЕВСКИЙ Белочка, 200г",19999,33999
427991,"Маршмеллоу MALLOW JOY ВЛАД А4 в форме косички, 12г",2999,3999
428118,"Торт У ПАЛЫЧА Полет, 500г",78999,78999
429231,"Жевательная резинка DIROL Colors XXL ассорти фруктовых вкусов, 19Г",4999,4999
429232,"Жевательная резинка DIROL Colors XXL ассорти мятных вкусов, 19г",4999,4999
430731,"Мармелад жевательный MAMBA Фрумеладки Фруктовый микс, 72г",7999,9999
430732,"Мармелад жевательный MAMBA Фрумеладки Фрукты и йогурт, 72г",7999,9999
432175,"Конфеты КРАСНЫЙ ОКТЯБРЬ Мишка косолапый, 200г",19499,35999
432962,"Жевательная резинка DIROL Bubble Fresh Мята и фрукты, 13,6г",2999,3999
433729,"Конфеты АККОНД Адель с цельным миндалем, 150г",15999,18999
434151,"Конфета ЯШКИНО Jet's с печеньем, 42г",1999,2999
434152,"Батончик KDV Чио Рио, 30г",1999,2999
434415,"Карамель КОНФИТРЕЙД на палочке со вкусом ананаса, клубники с жевательной резинкой, 28г",2799,3999
434691,"Рулет ЧЕРЕМУШКИ с маком и изюмом, 300г",13999,13999
436490,"Жевательная резинка DIROL White Мята, 13,6г",2499,3999
436491,"Печенье BELVITA Утреннее Мультизлаковое, 225г",11999,14999
436493,"Печенье BELVITA Утреннее Мед и фундук, 225г",11999,14999
436494,"Печенье BELVITA Утреннее Какао с йогуртовой начинкой, 
витаминизированное, 253г",13999,17999
436495,"Печенье BELVITA Утреннее с йогуртовой начинкой, 253г",13999,17999
438057,"Шоколадные конфеты BOUNTY Райское Манго, весовые",19998,19998
438290,"Конфеты НЕВСКИЙ КОНДИТЕР Паркур 2 с карамелью, нугой и орехами, 200г",5999,5999
438309,"Жевательная резинка MENTOS Pure white со вкусом нежной мяты, 54г",12999,15999
438310,"Жевательная резинка MENTOS Pure white со вкусом клубники, 54г",12999,15999
439736,"Шоколад молочный RITTER SPORT Карамельный мусс с миндалем, 100г",14999,18999
439794,"Конфеты КОРКУНОВ Ассорти из темного и молочного шоколада, 110г",19999,26999
441579,"Мармелад жевательный FRUIT-TELLA Крутой микс, 150г",10999,12999
441580,"Мармелад жевательный FRUIT-TELLA Крутой микс, 70г",5499,7499
442179,"Вафли РОТ ФРОНТ Коровка вкус топленое молоко, 300г",12499,19999
442185,"Вафли ЯШКИНО Шоколадные, 200г",6999,8499
443062,"Печенье OREO Шоколадный вкус, 95г",6999,9999
443063,"Печенье OREO Шоколадный вкус, 228г",14999,19999
443074,"Батончик шоколадный SNICKERS White, 81г",6499,8499
443260,"Рулет бисквитный ЯШКИНО с вареной сгущенкой, 200г",8499,9499
443261,"Рулет бисквитный ЯШКИНО Клубника со сливками, 200г",6999,9499
445300,"Конфеты КОРКУНОВ Ассорти из молочного шоколада, 110г",19999,26999
445362,"Пирог ЧЕРЕМУШКИ Сдобная Особа Австрийский штрудель вишня и ваниль, 400г",26499,26499
449008,"Жевательная резинка ORBIT Освежающий цитрус, 13,6г",4499,4499
449009,"Жевательная резинка ORBIT Белоснежный Сочное яблоко XXL, 20,4г",4499,5999
452046,"Ирис ЯШКИНО Тираженный с шоколадным вкусом, 140г",4999,5999
453254,"Мармелад жевательный КОНФИТРЕЙД Jelly bar со вкусом апельсина, банана, 
персика, яблока, 25г",2999,4499
454820,"Крекер ЯШКИНО Классический, 350г",9499,10999
459932,"Батончик шоколадный СЛАВЯНКА Золотой Степ, 50г",2999,3499
460534,"Конфеты СЛАВЯНКА Золотой Степ, 192г",13499,13499
463299,"Круассаны 7DAYS Mini с кремом какао, 105г",5499,7999
464171,"Торт ЧЕРЕМУШКИ Медовик, 480г",59999,59999
464929,"Конфеты АТАГ Закусон интеллигента, 100г",29999,29999
466659,"Десерт KONTI Бонжур со вкусом груши с французской ванилью, 232г",11999,16999
466757,"Вафли KDV Zebra с молочной шоколадной глазурью, 40г",3499,4499
467112,"Торт ФИЛИ-БЕЙКЕР Пломбир-классик, 720г",54999,54999
471634,"Печенье КП ПОЛЕТ овсяное Классическое на сливочном масле, 250г",14499,18999
477169,"Конфеты АККОНД Отломи вафельные глазированные, весовые",12498,12498
478103,"Пирог ЧЕРЕМУШКИ Сдобная Особа Австрийский штрудель клубника и пломбир, 400г",26499,26499
485226,"Паста шоколадно-арахисовая СЛАВЯНКА Золотой Степ, 220г",12999,16999
487484,"Батончик фруктово-злаковый БИОКЕЙ с клубникой и цельными злаками, 25г",2999,3999
492489,"Торт слоеный MIREL Наполеон классический, 550г",53999,53999
498164,"Шоколад молочный КОММУНАРКА Трюфельный элит, 200г",19999,19999
498624,"Мармелад жевательный БОН ПАРИ Кислые змейки, 120г",8499,13999
501388,"Конфеты АМАПОЛА вафельные глазированные Миндаль и кокос, 100г",15999,19999
502990,"Жевательная резинка MENTOS Pure fresh Тутти-Фрутти, 15,5г",5999,5999
503283,"Шоколад темный RITTER SPORT 61% какао, 100г",16999,24999
504014,"Конфеты RAFFAELLO с цельным миндальным орехом в кокосовой обсыпке, 70г",20499,20499
504067,"Шоколад темный RITTER SPORT 74% какао, 100г",16999,24999
505180,"Жевательная резинка ORBIT Белоснежный, банка, 68г",18999,22999
505448,"Конфеты НЕВСКИЙ КОНДИТЕР Темная ночь глазированные, весовые",7498,7498
506862,"Мармелад 365 ДНЕЙ Ассорти, 250г",6999,6999
507023,"Мармелад жевательный MAMBA Фрумеладки Фрукты и йогурт, 140г",15999,17499
507141,"Жевательная резинка MENTOS Pure white со вкусом клубники, 15,5г",5999,5999
508393,"Пирожные ДОБРЫНИНСКИЙ Мини Ассорти, 573г",89999,89999
508480,"Печенье ХВАТАЙ-КА овсяное Классическое, 400г",7499,8499
509530,"Шоколадные батончики SNICKERS Криспер Трио, 60г",5499,6499
510391,"Драже Ф.КРУПСКОЙ Белочка фундук в молочном шоколаде, 45г",5999,7999
512182,"Пряник ЯСНАЯ ПОЛЯНА Тульский со смородиновой начинкой, 140г",4999,8999
513184,"Батончик грильяжный KDV Крокант с миндалем в глазури, 28г",1099,1999
518915,"Конфеты жевательные MAMBA Волшебный твист ассорти, 150г",13499,17999
519227,"Шоколад темный RITTER SPORT Миндаль и апельсин, 100г",14999,18999
519510,"Мармелад жевательный SWEET BOX Zомбаки с игрушкой, 10г",19999,19999
521933,"Зефир КОНФИТРЕЙД Sweet bar косичка вкус клубники, 40г",10999,12999
523670,"Торт ФИЛИ-БЕЙКЕР Народная птичка классическая, 500г",43999,43999
527570,"Жевательная резинка DIROL со вкусом кокоса и клубники,без сахара , 13,6г",2499,3999
529746,"Печенье ЮБИЛЕЙНОЕ Витаминизированное молочное с глазурью, 232г",8999,11999
529771,"Печенье ЮБИЛЕЙНОЕ Витаминизированное с глазурью, 232г",8999,11999
532436,"Печенье OREO с какао и начинкой со вкусом клубники, 228г",14999,19999
533250,"Жевательная резинка MENTOS Pure fresh со вкусом винограда, 54г",12999,15999
535485,"Мармелад жевательный HARIBO Happy Cola, 80г",12999,15999
535547,"Мармелад жевательный HARIBO Червячки Wummis, 80г",12999,15999
537244,"Пирожное АМА Берлинское, 252г",16999,16999
537420,"Торт АМА Сказочка, 450г",35499,35499
538505,"Набор конфет Ф.КРУПСКОЙ Ассорти, 249г",32999,39499
538590,"Мармелад жевательный HARIBO Starmix, 80г",12999,15999
541782,"Печенье ORION Chocoboy, 135г",13999,13999
543578,"Жевательная резинка DIROL White с активированым углем, со вкусом мяты, 13,6г",2499,3999
543579,"Конфеты HALLS со вкусом колы, 25г",3499,4999
543875,"Шоколад молочный АЛЕНКА с разноцветным драже, 90г",8999,17999
544040,"Шоколад молочный АЛЕНКА с фундуком, 90г",8999,17999
547728,"Пирожное КОНТЕК Заварной Этюд, 400г",16999,17999
547790,"Батончик вафельный ДЖУМКА с мягкой карамелью и воздушной кукурузой, 37г",3499,4999
548558,"Конфеты шоколадные РОССИЯ ЩЕДРАЯ ДУША Родные Просторы с вафельной крошкой, 180г",19999,34999
549487,"Жевательная резинка ORBIT Абрикос, 13,6г",4499,4499
550441,"Конфеты шоколадные КОРКУНОВ Ореховая коллекция, 110г",19999,29499
550886,"Жевательная резинка MENTOS Pure fresh со вкусом винограда, 15,5г",5999,5999
551491,"Пряники LAMBERTZ Домино, 125г",17999,39999
553585,"Шоколад молочный МОНЕТНЫЙ ДВОР Новогодний, 12г",1499,2999
556421,"Конфеты АТАГ Забегай на чай, весовые",12498,12498
558293,"Шоколад молочный МОНЕТНЫЙ ДВОР Маша и Медведь, 12г",1499,1999
559467,"Вафли KDV FunBanan с банановым вкусом, 35г",2999,4999
560334,"Пирог СДОБНАЯ ОСОБА Кремобон классический, 380г",24499,24499
564559,"Жевательная резинка DIROL Маракуйя, 13,6г",2499,3999
565114,"Шоколад молочный CHIKALAB с фундуком, 100г",18999,20999
565883,"Мармелад жевательный CHUPA CHUPS Роллсы, 150г",17999,17999
567255,"Батончик SOJ Marshmallow с соленой карамелью в молочном шоколаде, 30г",5499,6999
567404,"Шоколад молочный MILKA с дробленым орехом, 85г",8999,13999
567414,"Шоколад молочный MILKA с двухслойной начинкой, клубничная и сливочная, 85г",8999,13999
567561,"Мармелад жевательный CHUPA CHUPS Роллсы, 70г",7999,9999
567759,"Шоколад темный RITTER SPORT Цельный миндаль, 100г",16999,24999
569148,"Пирожное бисквитное HIPPO BO с малиновой начинкой, 32г",1999,2499
569456,"Шоколад молочный РОССИЯ ЩЕДРАЯ ДУША, 82г",5999,9999
569457,"Шоколад темный РОССИЯ ЩЕДРАЯ ДУША Российский с миндалем, 82г",6499,9999
569514,"Шоколад темный РОССИЯ ЩЕДРАЯ ДУША, 82г",6499,9999
569516,"Шоколад молочный РОССИЯ ЩЕДРАЯ ДУША с карамелью и арахисом, 82г",5999,9999
569578,"Шоколад горький РОССИЯ ЩЕДРАЯ ДУША, 82г",6499,9999
569579,"Шоколад молочный РОССИЯ ЩЕДРАЯ ДУША Кофе с молоком, 82г",5999,9999
569632,"Пирожное У ПАЛЫЧА Картошка, 210г",27999,27999
569715,"Пирожное У ПАЛЫЧА Тет-а-тет, 270г",21999,21999
571216,"Мармелад жевательный MAMBA Фрумеладки сочный центр, 140г",15999,17499
571228,"Жевательная резинка DIROL Colors Фруктовый рандом, без сахара, 13,6г",2999,3999
571747,"Зефир БЕЛЁВСКАЯ ПАСТИЛЬНАЯ МАНУФАКТУРА Белевский Антоновка, 250г",21999,21999
572143,"Шоколад молочный АЛЁНКА Много молока, 90г",9999,17999
573943,"Крекер 365 ДНЕЙ Волшебный калейдоскоп, 200г",2999,2999
575942,"Пирожное MIREL Эклеры с заварным кремом, 250г",22499,22499
577553,"Печенье сдобное ХЛЕБНЫЙ СПАС Coffee Time крендельки со вкусом капучино и тростниковым сахаром, 320г",12999,19499
579819,"Печенье ЛЮБЯТОВО Мария традиционное, 156г",4499,6499
580825,"Шоколадные батончики SNICKERS Super, 80г",6499,8499
581126,"Драже SKITTLES Кисломикс, 70г",7499,8999
581216,"Драже SKITTLES Фрукты, 70г",7499,8999
582357,"Жевательная резинка ORBIT Refreshers Тропик, 16г",3999,5999
582488,"Жевательная резинка ORBIT Refreshers Мята, 16г",3999,5999
582746,"Мармелад CHUPA CHUPS Страйпсы, 120г",17999,17999
583451,"Мини-рулет бисквитный ЯШКИНО Клубничный, 35г",1799,1999
583789,"Тарты MIREL По-французски с заварным кремом, 280г",24999,24999
583798,"Торт MIREL Черничное молоко, 750г",55999,55999
584123,"Мармелад МАХЕЕВЪ Цитрусовый микс, 250г",7999,9999
584124,"Мармелад МАХЕЕВЪ Фруктовый микс, 250г",7999,9999
586374,"Конфета жевательная MAMBA, 79,5г",7999,9999
587994,"Драже M&M'S Шоколад, 80г",9999,12999
588203,"Драже M&M'S Арахис, 80г",9999,12999
589408,"Карамель леденцовая HALLS Оригинальная со вкусом ментола и эвкалипта, 
25г",3499,4999
589914,"Набор шоколадных плиток КОРКУНОВ молочный,темный,молочный с дробленным  фундуком, 131г",24999,34999
591148,"Шоколад молочный RITTER SPORT Шоколадное печенье с орехами, 100г",11499,16499
592841,"Крекер ЯШКИНО С сыром, 135г",3499,4999
593060,"Торт MIREL Карамельный на сгущенке, 700г",52999,52999
593267,"Печенье затяжное ЯШКИНО с клубничным кремом, 190г",5999,8999
593428,"Печенье затяжное ЯШКИНО со сливочным кремом, 190г",5999,8999
593642,"Пирожное ДОБРЫНИНСКИЙ Графские развалины, 135г",22999,22999
593661,"Пирожное ДОБРЫНИНСКИЙ Корзиночки мини, 128г",17999,17999
594723,"Козинаки БОГУЧАРСКИЕ Классические на основе семян подсолнечника и кунжута, 250г",14999,14999
595043,"Зефир BONVIDA бело-розовый, 540г",15999,19999
595044,"Зефир BONVIDA с ароматом ванили глазированный, 570г",19999,21999
595066,"Драже M&M'S с соленым арахисом, 80г",9999,12999
595098,"Мармелад жевательный CHUPA CHUPS Фансы c фруктовым вкусом, 70г",9999,9999
595903,"Пряники заварные 365 ДНЕЙ Классические глазированные, 300г",3499,3499
602054,"Торт MIREL Прага, 660г",59999,59999
605965,"Печенье сдобное ЯШКИНО Американское с кусочками глазури, 200г",7499,9999
607938,"Мармелад жевательный MAMBA Молочные привидения, 90г",10999,11999
612118,"Печенье ЮБИЛЕЙНОЕ Витаминизированное традиционное, 403г",10499,12999
612147,"Батончик SOJ Marshmallow с вишневой начинкой в молочном шоколаде, 30г",5499,6999
626139,"Жевательная резинка ORBIT Манго, без сахара, 13,6г",4499,4499
626775,"Шоколад молочный RITTER SPORT с соленым кешью, 100г",13999,24999
630504,"Карамель CHUPA CHUPS Кислорот, 12г",999,1499
634639,"Шоколад молочный RITTER SPORT с кусочками клюквы и орехом лещины, 100г",11499,18999
636395,"Пирожное песочное ФИЛИ-БЕЙКЕР Корзиночка, 300г",34999,34999
637464,"Мармелад жевательный KRUTFRUT Веселый, бутылочки, 70г",3499,4499
637562,"Мармелад жевательный KRUTFRUT Машинки, 70г",3499,4499
637564,"Мармелад жевательный KRUTFRUT Змейка, 70г",3499,4499
637565,"Мармелад жевательный KRUTFRUT Динозаврики, 70г",3499,4499
637566,"Мармелад жевательный KRUTFRUT Змейка в кислой посыпке, 70г",3499,4499
638052,"Карамель леденцовая HALLS с витамином С и вкусом апельсина, 25г",3499,4999
638286,"Шоколад молочный SNAQ FABRIQ со сливочной начинкой, 34г",6999,6999
641826,"Печенье ПАМПИНИ Слойка Топик с начинкой малина, 500г",19999,22999
646064,"Зефир ЛЯНЕЖ бело-розовый, ароматизированный, 155г",5999,7999
646092,"Печенье сахарное ЛЮБЯТОВО Топленое молоко, 267г",6999,8999
646122,"Печенье сахарное ЛЮБЯТОВО Шоколадное, 228г",6499,8999
646290,"Мармелад экструдированный CHUPA CHUPS Страйпс с фруктовым вкусом, 10,5г",3999,3999
650441,"Печенье ORION Choco boy Yogurt & Starwberry, 40г",5999,5999
656724,"Шоколад молочный СТЕП с начинкой арахис и карамель, 90г",4499,6999
656725,"Шоколад молочный СТЕП с овсяным печеньем, арахисом и карамелью, 90г",4499,6999
656726,"Шоколад молочный СТЕП с лесным орехом, 90г",4499,6999
656794,"Торт MIREL Шоколадное молоко, 750г",55999,55999
657835,"Конфеты КОНФЕСТА Глазированные с кокосовой начинкой, 150г",9999,12999
658366,"Торт вафельный ШОКОЛАДНИЦА с фундуком, 230г",15499,27499
658735,"Мармелад желейный DELISSE Трехслойный, резаный, 300г",10499,11999
659921,"Пирожные DELISSE Профитроли с кремом, 175г",18499,18499
660598,"Батончик GOOD MIX Salted peanut taste со вкусом соленого арахиса с хрустящей вафлей, 46г",4499,6499
660599,"Батончик GOOD MIX Crispy cookie taste со вкусом печенья с хрустящей вафлей, 47г",4499,6499
660600,"Батончик GOOD MIX Salted caramel taste со вкусом соленой карамели с хрустящей вафлей, 44г",4499,6499
661370,"Печенье сдобное DELISSE Итальянское, 350г",13999,16999
662554,"Шоколад БАБАЕВСКИЙ Люкс, 90г",10499,19999
662556,"Шоколад БАБАЕВСКИЙ Горький, 90г",10499,19999
662628,"Шоколад БАБАЕВСКИЙ Фирменный, 90г",10499,19999
662693,"Рулет DELISSE Медовый домашний, 300г",31999,31999
663124,"Халва DELISSE Подсолнечная воздушная, 200г",9999,10999
664293,"Шоколад молочный RITTER SPORT Вафля и какао-мусс, 100г",14999,18999
664694,"Пирожное бисквитное МЕДВЕЖОНОК БАРНИ с шоколадной начинкой, 300г",24999,24999
664707,"Яйцо шоколадное ЛЕНТА из молочного шоколада, с предсказаниями, 20г",5599,7999
667408,"Паста DELISSE Шоколадно-молочная, 700г",26999,28999
668186,"Маффины DELISSE Клубничные, 450г",12999,13999
668341,"Мармелад жевательный ВАУ МЯУ! Футбол, 70г",3499,3999
668945,"Паста арахисовая DELISSE Crunchy, 340г",15999,19999
668970,"Пастила DELISSE Белевская классическая, 100г",9999,10999
668975,"Чак-чак DELISSE Медовый, 250г",10999,12999
670282,"Торт MIREL Спелая вишня, 700г",52999,52999
673261,"Пряники DELISSE Шоколадные, 300г",7999,8999
673639,"Карамель SWEET BAR Сердце крученое со вкусом клубники, 20г",799,3999
673642,"Карамель SWEET BAR Усы/губы фигурки на палочке со вкусом клубники и колы, 15г",699,3499
673996,"Пирог ТИРОЛЬСКИЕ Ягодная поляна, 580г",64999,64999
674021,"Пирог ТИРОЛЬСКИЕ Клубничный, 630г",49499,54999
674959,"Изделия сдобные DELISSE Завитые с сахаром, 230г",7999,9999
675685,"Круассаны DELISSE с начинкой со вкусом шоколада, 300г",9999,10999
675701,"Печенье ЯШКИНО Stix палочки в молочном шоколаде, 130г",9999,11999
675821,"Паста PORTO PIATTI с фундуком и какао, 350г",21999,25999
675920,"Коржи бисквитные DELISSE темные, с какао, 400г",13999,15999
675922,"Коржи бисквитные DELISSE светлые, 400г",13999,15999
676283,"Зефир КОЛОМЕНСКОЕ Яблочный, 250г",10999,18999
676796,"Изделия сдобные DELISSE Завитые с корицей, 230г",7999,9999
676797,"Вафли мягкие DELISSE Гофры с суфле, 122г",5499,6999
677245,"Мини-маффины DELISSE с вареной сгущенкой, 465г",12999,13999
677246,"Мини-маффины DELISSE с начинкой из клубничного джема, 465г",12999,13999
677855,"Вафли мягкие DELISSE с суфле и вишней, 122г",5499,6999
680125,"Мармелад SWEET BOX Щенячий патруль со вкусом апельсина/яблока/клубники, 
с игрушкой, 10г",4499,19999
680162,"Яйцо шоколадное ЗВЕРЮШКИ с кристальными глазами, с игрушкой, 20г",7999,7999
680704,"Печенье бисквитное DELISSE со вкусом вишни, в белой глазури, 450г",17999,19999
680898,"Печенье сдобное ЯШКИНО Курабье с вишневым джемом, 180г",6999,8999
680932,"Печенье бисквитное DELISSE со вкусом апельсина, в белой глазури, 450г",17999,19999
681784,"Изделие кондитерское СЛАДКАЯ ШИПУЧКА Шипелка с подарком, 5г",2999,3999
682043,"Печенье затяжное ДЕТСКИЙ СУВЕНИР Левушка детям Лим-по-по, 180г",6999,8999
683570,"Вафли ЯШКИНО Голландские с карамельной начинкой, 36г",1999,2999
684478,"Мармелад жевательный ВАУ МЯУ! Медвежата со вкусом яблока/лимона/клубники/ананаса, 70г",3499,3999
684495,"Рахат-лукум DELISSE Ароматный, 250г",6499,7499
684623,"Мармелад жевательный SWEET BOX Буба с натуральным соком, в наборе с 
подарком, 10г",19999,19999
685393,"Яйцо из глазури MOLANG, 20г",1999,5999
685696,"Пряники DELISSE Ананасовое кольцо, 400г",9999,11999
685903,"Маршмеллоу ВАУ МЯУ! со вкусом тутти фрутти, 90г",5499,6999
688463,"Кондитерская плитка молочная 365 ДНЕЙ пористая, 65г",4299,4299
688917,"Конфеты КОРКУНОВ Ассорти из темного и молочного шоколада, 165г",29999,57999
688968,"Конфеты КОРКУНОВ Ассорти из молочного шоколада, 165г",29999,57999
688969,"Конфеты КОРКУНОВ Ассорти из темного шоколада, 165г",29999,57999
688970,"Конфеты шоколадные КОРКУНОВ Ореховая коллекция, 165г",26999,57999
689229,"Халва РОТ ФРОНТ глазированная шоколадной глазурью, 370г",26999,39999
690216,"Мармелад жевательный ВАУ МЯУ! Фрукты со вкусом яблока, персика, банана, апельсина, 70г",3499,3999
690428,"Печенье бисквитное DELISSE с желейной начинкой со вкусом вишни, 137г",7499,8999
690429,"Печенье бисквитное DELISSE с желейной начинкой со вкусом клубники, 137г",7499,8999
690430,"Печенье бисквитное DELISSE с желейной начинкой со вкусом апельсина, 137г",7499,8999
690431,"Шоколад молочный PREMIUM CLUB, 100г",14999,14999
690447,"Шоколад горький O'ZERA Dark & Extra Almond, 90г",10999,13999
690476,"Батончик шоколадный GOOD MIX со вкусом попкорна, 45г",4499,6499
690798,"Батончик шоколадный GOOD MIX молочный с хрустящей вафлей, 29г",3499,3999
691460,"Мармелад жевательный MOLANG Jelly bar в сахарной обсыпке со вкусом клубники/ананаса, 65г",6999,9999
691463,"Жевательная резинка BUBBLE BAR Сладкая вата со вкусом клубники, с подарком, 5г",5599,7999
691464,"Карамель на палочке SWEET BAR Мороженое клубника-сливки/яблоко-сливки/лимон-сливки, в ассортименте, 10г",2799,3999
691606,"Торт ВЕНСКИЙ ЦЕХ Груша-карамель, 420г",38999,38999
691607,"Торт ВЕНСКИЙ ЦЕХ Фисташковый пломбир, 390г",38999,38999
691844,"Паста PORTO PIATTI с фундуком и какао, 630г",39999,49999
691861,"Козинаки DELISSE Восточные, 360г",13999,16999
691990,"Конфеты Малиновый йогурт в молочной глазури, 130г",7999,7999
692356,"Изделие слоеное DELISSE Золотистая полосочка, 500г",17999,19999
692369,"Пирожные-дуэт У ПАЛЫЧА Красный бархат, 200г",35999,42999
692606,"Пирожное-суфле АМА Традиционная птичка, 140г",15499,15499
692628,"Пирожное АМА Наполеон, 160г",16499,16499
692777,"Изделие кондитерское ЧЕБУРАШКА Десерт с подарком, 20г",7999,11999
692805,"Маршмеллоу MALLOW JOY с ароматом черники и малины, 25г",4999,6999
692837,"Хлебные палочки KRISPIKI с пастой с шоколадно-ореховым вкусом, с подарком, 35г",15999,15999
692926,"Конфета ЩЕНЯЧИЙ ПАТРУЛЬ со вкусом апельсина, с подарком, 25г",2799,3999
692927,"Конфеты ШОКИ-ТОКИ из молочного шоколада с кремовой начинкой, 60г",5999,19999
692988,"Конфеты жевательные ЩЕНЯЧИЙ ПАТРУЛЬ клубника со сливками/малина со сливками/банан со сливками, с подарком, 50г",3499,12499
692989,"Драже ЩЕНЯЧИЙ ПАТРУЛЬ Часики со вкусом клубники, 12г",3999,3999
693633,"Печенье сдобное DELISSE Курабье, 500г",17999,19999
694683,"Батончик злаковый SOJ Kerlli с клубникой, в молочном шоколаде, 50г",4499,4999
694694,"Батончик злаковый SOJ Kerlli с черникой, в молочном шоколаде, 50г",4499,4999
695013,"Шоколад темный RITTER SPORT с помадной начинкой, 100г",14999,16999
695467,"Батончик злаковый SOJ Kerlli с бананом, в молочном шоколаде, 50г",3999,4999
695962,"Жевательная резинка ORBIT со вкусом граната и малины, без сахара, 13,6г",4499,4499
697226,"Конфеты весовые 29,99 руб.",29990,29990
697379,"Конфеты весовые 79,99 руб.",79990,79990
697387,"Изделие хлебобулочное сдобное ВАУ МЯУ! Минисердечко, 400г",14999,16999
697593,"Мармелад жевательный SWEET BOX Чебурашка, с игрушкой, 10г",13499,19999
697597,"Конфеты жевательные ПОЛНЫЙ КИСЛЕЦ ВЛАД А4, 10г",1499,1999
697598,"Драже жевательное FRUTOMINT в блоках, 14г",4999,4999
697600,"Мармелад жевательный SWEET BOX ВЛАД А4 в наборе с подарком, 10г",13499,19999
698510,"Пирожные ФИЛИ-БЕЙКЕР Профитроли шоколадные, 150г",17999,17999
698577,"Шоколад молочный GALLARDO, 23г",3499,3999
699216,"Пирожное суфлейное КОНДИТЕРСКАЯ ПРОХОРОВА Птичка Прохорова, 60г",8799,8799
699222,"Пирожное бисквитное КОНДИТЕРСКАЯ ПРОХОРОВА Тирамису, 60г",7999,7999
701091,"Печенье сдобное ВЫБОР СЕМЬИ Солнечное, 230г",6999,7999
701165,"Паста шоколадно-ореховая DOLCE ALBERO 6% фундука, без пальмового масла, 
330г",34999,39999
701368,"Конфеты DELISSE Трюфель с морской солью, 175г",14999,17999
701369,"Конфеты DELISSE Трюфель классический в какао обсыпке, 175г",14999,17999
701370,"Конфеты DELISSE Трюфель с ароматом Амаретто, 175г",14999,17999
701371,"Конфеты DELISSE Трюфель с ароматом кофе, 175г",14999,17999
701372,"Конфеты DELISSE Трюфель со вкусом рома, 175г",14999,17999
701373,"Конфеты DELISSE Трюфель классический extra dark в какао обсыпке, 175г",14999,17999
701563,"Печенье сдобное DELISSE Трубочка с вареной сгущенкой, 500г",17999,19999
704092,"Конфеты АТАГ Закусон олигарха, 100г",29999,29999
704149,"Конфеты АТАГ Ассорти, 300г",39999,49999
704171,"Пирожное ФИЛИ-БЕЙКЕР Панчо, 150г",20999,20999
704181,"Шарлотка ФИЛИ-БЕЙКЕР Лесная ягода, 135г",21999,21999
704530,"Мармелад жевательный SBOX CLUB МИЛАНА ХАМЕТОВА в наборе с подарком, 10г",10999,15999
704532,"Изделие фигурное ШОКИ ТОКИ МИЛАНА ХАМЕТОВА Двойной шоколад с игрушкой, 20г",13999,13999
704587,"Мармелад жевательный SWEET BOX МИЛАНА ХАМЕТОВА в наборе с подарком, 10г",19999,19999
704643,"Карамель леденцовая SBOX CLUB ВЛАД 4 в наборе с подарком, 9г",15999,15999
705270,"Мармелад жевательный HARIBO Золотые Мишки, 80г",12999,15999
706047,"Кекс SOLEN PAPITA DONUT с какао глазурью, шоколадной начинкой и цветным драже, 40г",3999,4999
706754,"Печенье ORION Choco Boy, 90г",10999,10999
706809,"Пирожное ORION Фреш Пай персик, 300г",17999,19999
707185,"Мини-пряники ЯШКИНО с вареной сгущенкой, 300г",7999,8999
707287,"Карамель СТРАЙК Кислый кисс, в ассортименте, 11,3г",499,799
707346,"Карамель СТРАЙК Двойные вкусы, в ассортименте, 11,3г",499,799
707352,"Карамель СТРАЙК с жевательной конфетой, в ассортименте, 11,3г",499,799
707524,"Набор подарочный КОРКУНОВ Коллекция плиток шоколада, 87г",17999,24999
708374,"Мармелад жевательный CHI-WA-WA Pack Тропик кусочки, кислый, 60г",6999,8999
708376,"Драже YO-МОЁ освежающие с виноградным вкусом, 12г",3999,4999
708377,"Драже YO-МОЁ освежающие с арбузным вкусом, 12г",3499,4999
708508,"Драже YO-МОЁ освежающие со вкусом манго, 12г",3999,4999
708509,"Мармелад жевательный ЛЕВУШКА ДЕТЯМ Медвежата, 70г",4999,6499
708510,"Мармелад жевательный ЛЕВУШКА ДЕТЯМ Червячки, 70г",4999,6499
708513,"Мармелад жевательный CHI-WA-WA Карандаш Нордик, кислый, 250г",24999,29999
708514,"Мармелад жевательный CHI-WA-WA Ремешок Тропик, кислый, 250г",24999,29999
708935,"Батончик-мюсли SNAQ FABRIQ Кокос, с молочным шоколадом, 50г",4999,5999
708947,"Шоколад горький BUCHERON с апельсином и орехами, 85г",13999,16999
708959,"Батончик-мюсли SNAQ FABRIQ Банан, с молочным шоколадом, 50г",4999,5999
709252,"Печенье сдобное DELISSE Завирэль, 300г",13999,16999
709571,"Изделие хлебобулочное сдобное ВАУ МЯУ! Мишуткин микс, 400г",14999,16999
709709,"Маршмеллоу ЛЕНТА с ароматом ванили, 200г",13999,13999
711022,"Карамель леденцовая КОНФИТРЕЙД Веселые пальчики, 10г",6999,6999
711023,"Карамель леденцовая SWEET BAR Пятка на палочке с пудрой, 10г",2999,3999
711024,"Десерт KIDSBOX с печеньем и подарком, 20г",9999,9999
711025,"Яйцо шоколадное ШОКИ-ТОКИ с сюрпризом, 20г",12999,12999
711026,"Яйцо шоколадное КОНФИТРЕЙД с сюрпризом, 20г",8999,8999
711027,"Яйцо шоколадное ШОКИ-ТОКИ XXL с сюрпризом, 70г",19999,39999
711581,"Шоколад ALPEN GOLD с фундуком и изюмом, 80г",6499,10999
711659,"Шоколад ALPEN GOLD с фундуком, 80г",6499,10999
711660,"Шоколад молочный ALPEN GOLD, 80г",5999,10999
711661,"Шоколад белый ALPEN GOLD с миндалем и кокосовой стружкой, 80г",6499,10999
711663,"Шоколад молочный ALPEN GOLD с клубнично-йогуртовой начинкой, 80г",5999,10999
713038,"Торт бисквитный ФИЛИ-БЕЙКЕР Эскимо Московский, 450г",58999,58999
714123,"Печенье сдобное ПОСИДЕЛКИНО с орехами и кусочками шоколада, 160г",8499,12999
714308,"Печенье WAGON WHEELS с суфле и джемом, покрытое глазурью с ароматом шоколада, 228,6г",27999,32999
714336,"Печенье ЮБИЛЕЙНОЕ Постное, 224г",10499,10499
714498,"Драже КОНФИТРЕЙД в градуснике, 8г",1999,2499
714499,"Карамель SWEET BAR в форме помады, 5г",4499,5999
714500,"Карамель SWEET BAR в форме соски, 10г",3499,4499
714503,"Мармелад жевательный НАПУГАЙКА, 10г",2999,3999
714504,"Мармелад жевательный КОНФИТРЕЙД Crazy fun с подарком, 10г",13999,17999
714518,"Драже КОНФИТРЕЙД Маракас, 12г",3999,4999
714519,"Драже КОНФИТРЕЙД в виде карандаша, 6г",2999,3999
714520,"Жевательная резинка BUBBLE BAR, 40г",6499,7999
714521,"Яйцо MAGIC EGG с игрушкой, 10г",10999,13999
714522,"Драже НАПУГАЙКА Рука Скелет, в форме косточек, 4г",4999,5999
714753,"Шоколад темный РОССИЯ ЩЕДРАЯ ДУША Путешествие, 82г",6499,9999
714881,"Батончик шоколадный NUTS с фундуком и тертой фисташкой, 47г",6999,7999
715093,"Мини-круассаны 7DAYS с кремом какао, 265г",12499,16999
716032,"Пирожное MIREL Муравейник, 340г",25999,25999
716411,"Яйцо шоколадное СКЕЙТЕРЫ с игрушкой, 20г",8999,8999
716637,"Печенье сдобное DELISSE Орешек со вкусом вареной сгущенки, 500г",17999,19999
716715,"Шоколад молочный MILKA с фундуком, 80г",8999,12999
716716,"Шоколад молочный MILKA, 80г",8999,12999
716717,"Шоколад молочный MILKA с фундуком и изюмом, 80г",8999,12999
716958,"Шоколад молочный MILKA с цельным фундуком, 80г",8999,12999
716961,"Шоколад молочный MILKA миндаль и лесные ягоды, 80г",8999,12999
716965,"Шоколад молочный MILKA Bubbles Пористый, 72г",9999,12999
718117,"Шоколад молочный ALPEN GOLD с арахисом и кукурузными хлопьями, 80г",6499,10999
718663,"Шоколад молочный ALPEN GOLD МаксФан со взрывной карамелью/мармеладом/печеньем, 140г",13999,19999
718665,"Шоколад белый ВОЗДУШНЫЙ, 80г",9999,12999
718666,"Шоколад белый ALPEN GOLD МаксФан ягодный микс, 140г",13999,19999
718690,"Шоколад молочный ВОЗДУШНЫЙ, 80г",9999,12999
718691,"Шоколад горький ALPEN GOLD темный, 75г",7999,9999
719437,"Карамель леденцовая MAGIC EGG Чебурашка, со вкусом апельсина, 10г",14999,14999
719528,"Конфеты СТЕП Золотой Степ глазированные, 174г",9999,13499
719765,"Кондитерское изделие ВАУ МЯУ! Choco Pie, глазированное, 180г",6999,8999
719972,"Карамель на палочке SWEEY BAR со вкусом лимона/колы/тоффи, 20г",3499,4999
719973,"Маршмеллоу MALLOW JOY Милана Хаметова с ароматом клубники, 25г",5999,8999
720004,"Кондитерская плитка GLORY с чернично-йогуртовой начинкой, 75г",4499,5999
720005,"Кондитерская плитка GLORY с клубнично-йогуртовой начинкой, 75г",4499,5999
720006,"Кондитерская плитка GLORY с ореховой начинкой со вкусом фундука, 75г",4499,5999
720007,"Кондитерская плитка GLORY темная с шоколадной начинкой, 75г",4499,5999
720044,"Изделие фигурное CHOCO BOOM из молочного шоколада с маршмеллоу, с подарком, 28г",10999,15999
720065,"Маршмеллоу MOLANG с ароматом клубники, 50г",9999,19999
720074,"Карамель ВЛАД А4 со вкусом клубники/яблока/апельсина/черники, 25г",2999,4499
720075,"Карамель леденцовая MAGIC EGG со вкусом бабл гам, с подарком 10г",9499,13999
720076,"Десерт KIDSBOX Милана Хаметова, с подарком, 20г",8999,12999
720415,"Мармелад CHI-WA-WA Карандаш кислый, со вкусом клубники, 60г",6999,8999
720416,"Мармелад CHI-WA-WA Ремешок кислый, со вкусом ананаса и лимона, 60г",6999,8999
720417,"Мармелад CHI-WA-WA Карандаш кислый, со вкусом лесных ягод, 250г",24999,29999
720558,"Мармелад CHI-WA-WA Ремешок кислый, со вкусом ананаса и лимона, 250г",24999,29999
720559,"Мармелад CHI-WA-WA Карандаш сладкий, со вкусом колы, 80г",8999,11999
720560,"Мармелад CHI-WA-WA Ремешок кислый, со вкусом клубники, 80г",8999,11999
720561,"Мармелад CHI-WA-WA Ремешок кислый, со вкусом ананаса и лимона, 80г",8999,11999
720562,"Мармелад жевательный DOCILE Sour strawberry belts, ленты со вкусом клубники, 70г",11999,13999
720563,"Мармелад жевательный DOCILE Sour strawberry colored belts, цветные ленты со вкусом клубники, 70г",9999,13999
720564,"Мармелад жевательный DOCILE Sour strawberry colored pencil, цветные карандаши со вкусом клубники, 70г",9999,13999
720565,"Мармелад жевательный DOCILE Gelatines vampire teeth Зубы вампира, 80г",11999,13999
720663,"Пирожное У ПАЛЫЧА Молочный бургер с шоколадом, 90г",9999,9999
720664,"Пирожное У ПАЛЫЧА Молочный бургер с творогом и сливками, 90г",9999,9999
721049,"Вафельная трубочка ВЫБОР СЕМЬИ с начинкой вареная сгущенка, 70г",4999,4999
721082,"Пирожное 365 ДНЕЙ Картошка, 70г",4499,4499
721331,"Шоколад молочный RITTER SPORT яркая смородина и нежная малина, 218г",34999,49999
721508,"Шоколад молочный RITTER SPORT Макарун ореховый крем с хлопьями и французское пирожное, 218г",34999,49999
723533,"Мармелад жевательный SWEET BOX Роблоксеры, в наборе с подарком, с натуральным соком, 10г",19999,19999
723534,"Мармелад жевательный SWEET BOX Club Роблоксеры, в наборе с подарком, с натуральным соком, 10г",15999,15999
723535,"Изделие фигурное CHOCO BOOM Роблоксеры с подарком из молочного шоколада, глазированные, с добавлением маршмеллоу, 28г",15999,15999
723536,"Карамель леденцовая MAGIC EGG Роблоксеры, с подарком, со вкусом колы, 10г",13999,13999
723537,"Яйцо шоколадное ШОКИ-ТОКИ Роблоксеры с сюрпризом, из молочного шоколада, 70г",39999,39999
723658,"Яйцо шоколадное ШОКИ-ТОКИ Роблоксеры с сюрпризом, из молочного шоколада и белой глазури, 20г",13999,13999
723659,"Десерт KIDSBOX Роблоксеры, с подарком, 20г",12999,12999
723660,"Мармелад жевательный НАПУГАЙКА со вкусом клубники и винограда, в виде ленты, 8,5г",4499,4499
723661,"Карамель леденцовая КОНФИТРЕЙД на палочке части тела глаз/мозг/сердце, 20г",3999,3999
723662,"Мармелад жевательный НАПУГАЙКА в форме глаза, 7г",3999,3999
723663,"Изделия кондитерские ПОЛНЫЙ КИСЛЕЦ фруктовая соломка, 7г",1999,1999
723664,"Конфеты жевательные НАПУГАЙКА со вкусом клубники/апельсина/ананаса/яблока/лимона/манго/перца чили, 12г",3999,3999
723874,"Шоколад темный APRIORI с фисташкой и миндалем, 85г",17999,20999
723941,"Шоколад темный APRIORI с апельсином и миндалем, 85г",17999,20999
724031,"Набор подарочный M&M'S & FRIENDS Варежка, 167г",14999,39999
724300,"Конфета ЧЕБУРАШКА Сладкий зонт, на палочке, 20г",6999,6999
724324,"Набор подарочный БОН ПАРИ Шестигранник, 365г",14999,39999
725057,"Батончик шоколадный GOOD MIX Original Milk chocolate с хрустящей вафлей, 40г",3999,6499
725453,"Крекер TUC Снек Мини со вкусом сметаны и лука, 110г",8999,12999
725454,"Пирожное бисквитное MILKA с шоколадной начинкой и кусочками молочного шоколада, 175г",18999,24999
725875,"Печенье сахарное LUCKY COOKIE с предсказанием, 6г",2999,7999
726424,"Мармелад жевательный SBOX Три кота зимние каникулы, в наборе с подарком, 10г",9999,19999
726425,"Мармелад жевательный SBOX Змейки, в наборе с подарком, 10г",7999,19999
726426,"Изделие кондитерское ШОКИ ТОКИ Чебурашка, яйцо с сюрпризом, 20г",6999,13999
726427,"Мармелад жевательный JELLY BAR Чебурашка со вкусом апельсина/банана/персика/яблока, 65г",4999,9999
726458,"Изделие кондитерское CHOCO BOOM Чебурашка, шар с подарком, 28г",15999,15999
726459,"Изделие кондитерское KIDS BOX Чебурашка, десерт с подарком, 20г",12999,12999
726460,"Карамель леденцовая MAGIC EGG Три кота зимние каникулы, с подарком, 10г",7499,14999
726461,"Изделие кондитерское KIDS BOX Winter time, десерт с подарком, 20г",8999,12999
726462,"Изделие кондитерское ШОКИ ТОКИ Winter time, яйцо с сюрпризом, 70г",19999,39999
726463,"Изделие кондитерское ШОКИ ТОКИ Winter time, яйцо с сюрпризом, 20г",5999,13999
726464,"Изделие кондитерское ШОКИ ТОКИ Три кота, яйцо с сюрпризом, 70г",19999,39999
726465,"Карамель леденцовая PLAY ME POPS Чебурашка, с подарком, 15г",13999,27999
726466,"Маршмеллоу MALLOW JOY с ароматом пломбира и ванили, 50г",9999,18999
726467,"Маршмеллоу MALLOW JOY Змейки, с ароматом пломбира и ванили, 50г",13499,18999
726468,"Карамель SWEET BAR на палочке со вкусом клубники/яблока/апельсина, 10г",2499,4999
727111,"Сдоба МАСТЕР ПИРОГОВ Венская с яблочной начинкой и корицей, 150г",8499,8499
727115,"Сдоба МАСТЕР ПИРОГОВ Венская с творогом, 150г",8499,8499
727135,"Шоколад молочный MILKA с начинкой со вкусом карамели и цельным фундуком, 270г",39999,39999
727266,"Шоколад молочный MILKA с арахисовой начинкой с воздушным рисом, 270г",39999,39999
727385,"Конфеты DELISSE с молочным шоколадом и начинкой с фундуком, 125г",23999,29999
730157,"Торт MIREL Пралине, 550г",79999,79999
731176,"Мармелад жевательный БОН ПАРИ со вкусом вишни, черной смородины и яблока, 100г",14999,14999
731675,"Конфеты шоколадные КОМИЛЬФО Шампанское и пряная груша, 116г",39999,39999
